Buffalo Bills,Tyrod Taylor,QB,1
Buffalo Bills,E.J. Manuel,QB,2
Buffalo Bills,Cardale Jones,QB,3
Buffalo Bills,LeSean McCoy,RB,1
Buffalo Bills,Mike Gillislee,RB,2
Buffalo Bills,Reggie Bush,RB,3
Buffalo Bills,Jonathan Williams,RB,4
Buffalo Bills,LeSean McCoy,GLB,1
Buffalo Bills,Mike Gillislee,GLB,2
Buffalo Bills,LeSean McCoy,3RB,1
Buffalo Bills,Reggie Bush,3RB,2
Buffalo Bills,Jerome Felton,FB,1
Buffalo Bills,Robert Woods,WR1,1
Buffalo Bills,Justin Hunter,WR1,2
Buffalo Bills,Greg Salas,WR1,3
Buffalo Bills,Sammy Watkins,WR1,4
Buffalo Bills,Marquise Goodwin,WR2,1
Buffalo Bills,Walter Powell,WR2,2
Buffalo Bills,Brandon Tate,WR2,3
Buffalo Bills,Kolby Listenbee,WR2,4
Buffalo Bills,Marcus Easley,WR2,5
Buffalo Bills,Walter Powell,WR3,1
Buffalo Bills,Charles Clay,TE,1
Buffalo Bills,Nick O'Leary,TE,2
Buffalo Bills,Gerald Christian,TE,3
Buffalo Bills,Cyrus Kouandjio,LT,1
Buffalo Bills,Cordy Glenn,LT,2
Buffalo Bills,Richie Incognito,LG,1
Buffalo Bills,Gabe Ikard,LG,2
Buffalo Bills,Eric Wood,C,1
Buffalo Bills,Patrick Lewis,C,2
Buffalo Bills,John Miller,RG,1
Buffalo Bills,Ryan Groy,RG,2
Buffalo Bills,Jordan Mills,RT,1
Buffalo Bills,Seantrel Henderson,RT,2
Buffalo Bills,Michael Ola,RT,3
Buffalo Bills,Dan Carpenter,K,1
Miami Dolphins,Ryan Tannehill,QB,1
Miami Dolphins,Matt Moore,QB,2
Miami Dolphins,Arian Foster,RB,1
Miami Dolphins,Jay Ajayi,RB,2
Miami Dolphins,Damien Williams,RB,3
Miami Dolphins,Kenyan Drake,RB,4
Miami Dolphins,Arian Foster,GLB,1
Miami Dolphins,Jay Ajayi,GLB,2
Miami Dolphins,Arian Foster,3RB,1
Miami Dolphins,Jay Ajayi,3RB,2
Miami Dolphins,Jarvis Landry,WR1,1
Miami Dolphins,Leonte Carroo,WR1,2
Miami Dolphins,Jakeem Grant,WR1,3
Miami Dolphins,Kenny Stills,WR2,1
Miami Dolphins,DeVante Parker,WR2,2
Miami Dolphins,DeVante Parker,WR3,1
Miami Dolphins,Jordan Cameron,TE,1
Miami Dolphins,Dion Sims,TE,2
Miami Dolphins,MarQueis Gray,TE,3
Miami Dolphins,Dominique Jones,TE,4
Miami Dolphins,Branden Albert,LT,1
Miami Dolphins,Laremy Tunsil,LG,1
Miami Dolphins,Kraig Urbik,LG,2
Miami Dolphins,Mike Pouncey,C,1
Miami Dolphins,Anthony Steen,C,2
Miami Dolphins,Jermon Bushrod,RG,1
Miami Dolphins,Ja'Wuan James,RT,1
Miami Dolphins,Sam Young,RT,2
Miami Dolphins,Andrew Franks,K,1
New England Patriots,Tom Brady,QB,1
New England Patriots,Jimmy Garoppolo,QB,2
New England Patriots,Jacoby Brissett,QB,3
New England Patriots,LeGarrette Blount,RB,1
New England Patriots,James White,RB,2
New England Patriots,Brandon Bolden,RB,3
New England Patriots,D.J. Foster,RB,4
New England Patriots,Dion Lewis,RB,5
New England Patriots,LeGarrette Blount,GLB,1
New England Patriots,James White,GLB,2
New England Patriots,James White,3RB,1
New England Patriots,Brandon Bolden,3RB,2
New England Patriots,Julian Edelman,WR1,1
New England Patriots,Danny Amendola,WR1,2
New England Patriots,Matthew Slater,WR1,3
New England Patriots,Chris Hogan,WR2,1
New England Patriots,Malcolm Mitchell,WR2,2
New England Patriots,Danny Amendola,WR3,1
New England Patriots,Rob Gronkowski,TE,1
New England Patriots,Martellus Bennett,TE,2
New England Patriots,AJ Derby,TE,3
New England Patriots,Nate Solder,LT,1
New England Patriots,LaAdrian Waddle,LT,2
New England Patriots,Joe Thuney,LG,1
New England Patriots,Ted Karras,LG,2
New England Patriots,David Andrews,C,1
New England Patriots,Shaq Mason,RG,1
New England Patriots,Tre' Jackson,RG,2
New England Patriots,Marcus Cannon,RT,1
New England Patriots,Cameron Fleming,RT,2
New England Patriots,Stephen Gostkowski,K,1
New York Jets,Ryan Fitzpatrick,QB,1
New York Jets,Geno Smith,QB,2
New York Jets,Bryce Petty,QB,3
New York Jets,Christian Hackenberg,QB,4
New York Jets,Matt Forte,RB,1
New York Jets,Bilal Powell,RB,2
New York Jets,Troymaine Pope,RB,3
New York Jets,Matt Forte,GLB,1
New York Jets,Bilal Powell,GLB,2
New York Jets,Matt Forte,3RB,1
New York Jets,Bilal Powell,3RB,2
New York Jets,Brandon Marshall,WR1,1
New York Jets,Robby Anderson,WR1,2
New York Jets,Charone Peake,WR1,3
New York Jets,Quincy Enunwa,WR2,1
New York Jets,Jalin Marshall,WR2,2
New York Jets,Devin Smith,WR2,3
New York Jets,Robby Anderson,WR3,1
New York Jets,Austin Seferian-Jenkins,TE,1
New York Jets,Kellen Davis,TE,2
New York Jets,Brandon Bostick,TE,3
New York Jets,Braedon Bowman,TE,4
New York Jets,Ryan Clady,LT,1
New York Jets,Brandon Shell,LT,2
New York Jets,James Carpenter,LG,1
New York Jets,Nick Mangold,C,1
New York Jets,Wesley Johnson,C,2
New York Jets,Brian Winters,RG,1
New York Jets,Dakota Dozier,RG,2
New York Jets,Brent Qvale,RT,1
New York Jets,Ben Ijalana,RT,2
New York Jets,Breno Giacomini,RT,3
New York Jets,Nick Folk,K,1
Baltimore Ravens,Joe Flacco,QB,1
Baltimore Ravens,Ryan Mallett,QB,2
Baltimore Ravens,Terrance West,RB,1
Baltimore Ravens,Buck Allen,RB,2
Baltimore Ravens,Kenneth Dixon,RB,3
Baltimore Ravens,Lorenzo Taliaferro,RB,4
Baltimore Ravens,Terrance West,GLB,1
Baltimore Ravens,Buck Allen,GLB,2
Baltimore Ravens,Buck Allen,3RB,1
Baltimore Ravens,Terrance West,3RB,2
Baltimore Ravens,Kyle Juszczyk,FB,1
Baltimore Ravens,Steve Smith Sr.,WR1,1
Baltimore Ravens,Kamar Aiken,WR1,2
Baltimore Ravens,Devin Hester,WR1,3
Baltimore Ravens,Daniel Brown,WR1,4
Baltimore Ravens,Mike Wallace,WR2,1
Baltimore Ravens,Chris Moore,WR2,2
Baltimore Ravens,Breshad Perriman,WR2,3
Baltimore Ravens,Kamar Aiken,WR3,1
Baltimore Ravens,Dennis Pitta,TE,1
Baltimore Ravens,Crockett Gillmore,TE,2
Baltimore Ravens,Darren Waller,TE,3
Baltimore Ravens,Ronnie Stanley,LT,1
Baltimore Ravens,James Hurst,LT,2
Baltimore Ravens,Alex Lewis,LG,1
Baltimore Ravens,John Urschel,LG,2
Baltimore Ravens,Jeremy Zuttah,C,1
Baltimore Ravens,Ryan Jensen,C,2
Baltimore Ravens,Marshal Yanda,RG,1
Baltimore Ravens,Vlad Ducasse,RG,2
Baltimore Ravens,Rick Wagner,RT,1
Baltimore Ravens,Justin Tucker,K,1
Cincinnati Bengals,Andy Dalton,QB,1
Cincinnati Bengals,A.J. McCarron,QB,2
Cincinnati Bengals,Jeff Driskel,QB,3
Cincinnati Bengals,Jeremy Hill,RB,1
Cincinnati Bengals,Giovani Bernard,RB,2
Cincinnati Bengals,Rex Burkhead,RB,3
Cincinnati Bengals,Jeremy Hill,GLB,1
Cincinnati Bengals,Giovani Bernard,GLB,2
Cincinnati Bengals,Giovani Bernard,3RB,1
Cincinnati Bengals,Jeremy Hill,3RB,2
Cincinnati Bengals,Ryan Hewitt,FB,1
Cincinnati Bengals,A.J. Green,WR1,1
Cincinnati Bengals,Alex Erickson,WR1,2
Cincinnati Bengals,Cody Core,WR1,3
Cincinnati Bengals,Brandon LaFell,WR2,1
Cincinnati Bengals,Tyler Boyd,WR2,2
Cincinnati Bengals,James Wright,WR2,3
Cincinnati Bengals,Tyler Boyd,WR3,1
Cincinnati Bengals,Tyler Eifert,TE,1
Cincinnati Bengals,Tyler Kroft,TE,2
Cincinnati Bengals,C.J. Uzomah,TE,3
Cincinnati Bengals,Andrew Whitworth,LT,1
Cincinnati Bengals,Jake Fisher,LT,2
Cincinnati Bengals,Clint Boling,LG,1
Cincinnati Bengals,Russell Bodine,C,1
Cincinnati Bengals,T.J. Johnson,C,2
Cincinnati Bengals,Kevin Zeitler,RG,1
Cincinnati Bengals,Christian Westerman,RG,2
Cincinnati Bengals,Cedric Ogbuehi,RT,1
Cincinnati Bengals,Eric Winston,RT,2
Cincinnati Bengals,Mike Nugent,K,1
Cleveland Browns,Josh McCown,QB,1
Cleveland Browns,Cody Kessler,QB,2
Cleveland Browns,Isaiah Crowell,RB,1
Cleveland Browns,Duke Johnson,RB,2
Cleveland Browns,George Atkinson III,RB,3
Cleveland Browns,Isaiah Crowell,GLB,1
Cleveland Browns,Duke Johnson,GLB,2
Cleveland Browns,Duke Johnson,3RB,1
Cleveland Browns,Isaiah Crowell,3RB,2
Cleveland Browns,Malcolm Johnson,FB,1
Cleveland Browns,Corey Coleman,WR1,1
Cleveland Browns,Andrew Hawkins,WR1,2
Cleveland Browns,Ricardo Louis,WR1,3
Cleveland Browns,Terrelle Pryor,WR2,1
Cleveland Browns,Rashard Higgins,WR2,2
Cleveland Browns,Jordan Payton,WR2,3
Cleveland Browns,Andrew Hawkins,WR3,1
Cleveland Browns,Gary Barnidge,TE,1
Cleveland Browns,Randall Telfer,TE,2
Cleveland Browns,Seth DeValve,TE,3
Cleveland Browns,Connor Hamlett,TE,4
Cleveland Browns,Joe Thomas,LT,1
Cleveland Browns,Spencer Drango,LT,2
Cleveland Browns,Joel Bitonio,LG,1
Cleveland Browns,John Greco,C,1
Cleveland Browns,Cameron Erving,C,2
Cleveland Browns,Alvin Bailey,RG,1
Cleveland Browns,Jonathan Cooper,RG,2
Cleveland Browns,Austin Pasztor,RT,1
Cleveland Browns,Shon Coleman,RT,2
Cleveland Browns,Cody Parkey,K,1
Pittsburgh Steelers,Ben Roethlisberger,QB,1
Pittsburgh Steelers,Landry Jones,QB,2
Pittsburgh Steelers,Zach Mettenberger,QB,3
Pittsburgh Steelers,Le'Veon Bell,RB,1
Pittsburgh Steelers,DeAngelo Williams,RB,2
Pittsburgh Steelers,Fitzgerald Toussaint,RB,3
Pittsburgh Steelers,Karlos Williams,RB,5
Pittsburgh Steelers,Le'Veon Bell,GLB,1
Pittsburgh Steelers,DeAngelo Williams,GLB,2
Pittsburgh Steelers,Le'Veon Bell,3RB,1
Pittsburgh Steelers,DeAngelo Williams,3RB,2
Pittsburgh Steelers,Roosevelt Nix,FB,1
Pittsburgh Steelers,Antonio Brown,WR1,1
Pittsburgh Steelers,Darrius Heyward-Bey,WR1,2
Pittsburgh Steelers,Eli Rogers,WR1,3
Pittsburgh Steelers,Markus Wheaton,WR2,1
Pittsburgh Steelers,Sammie Coates,WR2,2
Pittsburgh Steelers,Cobi Hamilton,WR2,5
Pittsburgh Steelers,Sammie Coates,WR3,1
Pittsburgh Steelers,Jesse James,TE,1
Pittsburgh Steelers,David Johnson,TE,2
Pittsburgh Steelers,Xavier Grimble,TE,3
Pittsburgh Steelers,Ladarius Green,TE,4
Pittsburgh Steelers,Ali Villanueva,LT,1
Pittsburgh Steelers,Ryan Harris,LT,2
Pittsburgh Steelers,Ramon Foster,LG,1
Pittsburgh Steelers,Chris Hubbard,LG,2
Pittsburgh Steelers,Maurkice Pouncey,C,1
Pittsburgh Steelers,Cody Wallace,C,2
Pittsburgh Steelers,David DeCastro,RG,1
Pittsburgh Steelers,B.J. Finney,RG,2
Pittsburgh Steelers,Marcus Gilbert,RT,1
Pittsburgh Steelers,Brian Mihalik,RT,2
Pittsburgh Steelers,Chris Boswell,K,1
Houston Texans,Brock Osweiler,QB,1
Houston Texans,Tom Savage,QB,2
Houston Texans,Brandon Weeden,QB,3
Houston Texans,Lamar Miller,RB,1
Houston Texans,Alfred Blue,RB,2
Houston Texans,Tyler Ervin,RB,3
Houston Texans,Jonathan Grimes,RB,4
Houston Texans,Lamar Miller,GLB,1
Houston Texans,Alfred Blue,GLB,2
Houston Texans,Lamar Miller,3RB,1
Houston Texans,Tyler Ervin,3RB,2
Houston Texans,Jay Prosch,FB,1
Houston Texans,DeAndre Hopkins,WR1,1
Houston Texans,Braxton Miller,WR1,2
Houston Texans,Keith Mumphery,WR1,3
Houston Texans,Will Fuller,WR2,1
Houston Texans,Jaelen Strong,WR2,2
Houston Texans,Braxton Miller,WR3,1
Houston Texans,Ryan Griffin,TE,1
Houston Texans,C.J. Fiedorowicz,TE,2
Houston Texans,Stephen Anderson,TE,3
Houston Texans,Duane Brown,LT,1
Houston Texans,Chris Clark,LT,2
Houston Texans,Xavier Su'a-Filo,LG,1
Houston Texans,Greg Mancz,C,1
Houston Texans,Tony Bergstrom,C,2
Houston Texans,Jeff Allen,RG,1
Houston Texans,Oday Aboushi,RG,2
Houston Texans,Derek Newton,RT,1
Houston Texans,Kendall Lamm,RT,2
Houston Texans,Nick Novak,K,1
Indianapolis Colts,Andrew Luck,QB,1
Indianapolis Colts,Scott Tolzien,QB,2
Indianapolis Colts,Frank Gore,RB,1
Indianapolis Colts,Robert Turbin,RB,2
Indianapolis Colts,Josh Ferguson,RB,3
Indianapolis Colts,Jordan Todman,RB,4
Indianapolis Colts,Frank Gore,GLB,1
Indianapolis Colts,Robert Turbin,GLB,2
Indianapolis Colts,Frank Gore,3RB,1
Indianapolis Colts,Robert Turbin,3RB,2
Indianapolis Colts,T.Y. Hilton,WR1,1
Indianapolis Colts,Phillip Dorsett,WR1,2
Indianapolis Colts,Chester Rogers,WR1,3
Indianapolis Colts,Donte Moncrief,WR2,1
Indianapolis Colts,Quan Bray,WR2,2
Indianapolis Colts,Devin Street,WR2,3
Indianapolis Colts,Phillip Dorsett,WR3,1
Indianapolis Colts,Dwayne Allen,TE,1
Indianapolis Colts,Jack Doyle,TE,2
Indianapolis Colts,Erik Swoope,TE,3
Indianapolis Colts,Chase Coffman,TE,4
Indianapolis Colts,Anthony Castonzo,LT,1
Indianapolis Colts,Jack Mewhort,LG,1
Indianapolis Colts,Jonotthan Harrison,LG,2
Indianapolis Colts,Ryan Kelly,C,1
Indianapolis Colts,Austin Blythe,C,2
Indianapolis Colts,Denzelle Good,RG,1
Indianapolis Colts,Joe Haeg,RG,2
Indianapolis Colts,Joe Reitz,RT,1
Indianapolis Colts,Le'Raven Clark,RT,2
Indianapolis Colts,Adam Vinatieri,K,1
Jacksonville Jaguars,Blake Bortles,QB,1
Jacksonville Jaguars,Chad Henne,QB,2
Jacksonville Jaguars,Brandon Allen,QB,3
Jacksonville Jaguars,T.J. Yeldon,RB,1
Jacksonville Jaguars,Chris Ivory,RB,2
Jacksonville Jaguars,Denard Robinson,RB,3
Jacksonville Jaguars,Corey Grant,RB,4
Jacksonville Jaguars,Chris Ivory,GLB,1
Jacksonville Jaguars,T.J. Yeldon,GLB,2
Jacksonville Jaguars,T.J. Yeldon,3RB,1
Jacksonville Jaguars,Chris Ivory,3RB,2
Jacksonville Jaguars,Allen Robinson,WR1,1
Jacksonville Jaguars,Marqise Lee,WR1,2
Jacksonville Jaguars,Arrelious Benn,WR1,3
Jacksonville Jaguars,Allen Hurns,WR2,1
Jacksonville Jaguars,Rashad Greene,WR2,2
Jacksonville Jaguars,Marqise Lee,WR3,1
Jacksonville Jaguars,Julius Thomas,TE,1
Jacksonville Jaguars,Marcedes Lewis,TE,2
Jacksonville Jaguars,Ben Koyack,TE,3
Jacksonville Jaguars,Neal Sterling,TE,4
Jacksonville Jaguars,Kelvin Beachum,LT,1
Jacksonville Jaguars,Chris Reed,LG,1
Jacksonville Jaguars,Luke Joeckel,LG,2
Jacksonville Jaguars,Brandon Linder,C,1
Jacksonville Jaguars,Tyler Shatley,C,2
Jacksonville Jaguars,A.J. Cann,RG,1
Jacksonville Jaguars,Patrick Omameh,RG,2
Jacksonville Jaguars,Jermey Parnell,RT,1
Jacksonville Jaguars,Bryce Harris,RT,2
Jacksonville Jaguars,Jason Myers,K,1
Tennessee Titans,Marcus Mariota,QB,1
Tennessee Titans,Matt Cassel,QB,2
Tennessee Titans,Alex Tanney,QB,3
Tennessee Titans,DeMarco Murray,RB,1
Tennessee Titans,Derrick Henry,RB,2
Tennessee Titans,Antonio Andrews,RB,3
Tennessee Titans,DeMarco Murray,GLB,1
Tennessee Titans,Derrick Henry,GLB,2
Tennessee Titans,DeMarco Murray,3RB,1
Tennessee Titans,Derrick Henry,3RB,2
Tennessee Titans,Jalston Fowler,FB,1
Tennessee Titans,Tajae Sharpe,WR1,1
Tennessee Titans,Andre Johnson,WR1,2
Tennessee Titans,Marc Mariani,WR1,3
Tennessee Titans,Rishard Matthews,WR2,1
Tennessee Titans,Kendall Wright,WR2,2
Tennessee Titans,Harry Douglas,WR2,3
Tennessee Titans,Andre Johnson,WR3,1
Tennessee Titans,Delanie Walker,TE,1
Tennessee Titans,Anthony Fasano,TE,2
Tennessee Titans,Phillip Supernaw,TE,3
Tennessee Titans,Jace Amaro,TE,4
Tennessee Titans,Taylor Lewan,LT,1
Tennessee Titans,Dennis Kelly,LT,2
Tennessee Titans,Quinton Spain,LG,1
Tennessee Titans,Josh Kline,LG,2
Tennessee Titans,Ben Jones,C,1
Tennessee Titans,Brian Schwenke,C,2
Tennessee Titans,Chance Warmack,RG,1
Tennessee Titans,Sebastian Tretola,RG,2
Tennessee Titans,Jack Conklin,RT,1
Tennessee Titans,Ryan Succop,K,1
Denver Broncos,Trevor Siemian,QB,1
Denver Broncos,Paxton Lynch,QB,2
Denver Broncos,Austin Davis,QB,3
Denver Broncos,C.J. Anderson,RB,1
Denver Broncos,Devontae Booker,RB,2
Denver Broncos,Kapri Bibbs,RB,3
Denver Broncos,C.J. Anderson,GLB,1
Denver Broncos,Devontae Booker,GLB,2
Denver Broncos,C.J. Anderson,3RB,1
Denver Broncos,Devontae Booker,3RB,2
Denver Broncos,Andy Janovich,FB,1
Denver Broncos,Demaryius Thomas,WR1,1
Denver Broncos,Bennie Fowler,WR1,2
Denver Broncos,Cody Latimer,WR1,3
Denver Broncos,Emmanuel Sanders,WR2,1
Denver Broncos,Jordan Norwood,WR2,2
Denver Broncos,Jordan Taylor,WR2,3
Denver Broncos,Bennie Fowler,WR3,1
Denver Broncos,Virgil Green,TE,1
Denver Broncos,Jeff Heuerman,TE,2
Denver Broncos,John Phillips,TE,3
Denver Broncos,Russell Okung,LT,1
Denver Broncos,Ty Sambrailo,LT,2
Denver Broncos,Max Garcia,LG,1
Denver Broncos,Connor McGovern,LG,2
Denver Broncos,Matt Paradis,C,1
Denver Broncos,James Ferentz,C,2
Denver Broncos,Sam Brenner,C,3
Denver Broncos,Michael Schofield,RG,1
Denver Broncos,Billy Turner,RG,2
Denver Broncos,Donald Stephenson,RT,1
Denver Broncos,Brandon McManus,K,1
Kansas City Chiefs,Alex Smith,QB,1
Kansas City Chiefs,Nick Foles,QB,2
Kansas City Chiefs,Tyler Bray,QB,3
Kansas City Chiefs,Jamaal Charles,RB,1
Kansas City Chiefs,Spencer Ware,RB,2
Kansas City Chiefs,Charcandrick West,RB,3
Kansas City Chiefs,Spencer Ware,GLB,1
Kansas City Chiefs,Jamaal Charles,GLB,2
Kansas City Chiefs,Jamaal Charles,3RB,1
Kansas City Chiefs,Charcandrick West,3RB,2
Kansas City Chiefs,Anthony Sherman,FB,1
Kansas City Chiefs,Jeremy Maclin,WR1,1
Kansas City Chiefs,De'Anthony Thomas,WR1,2
Kansas City Chiefs,Demarcus Robinson,WR1,3
Kansas City Chiefs,Chris Conley,WR2,1
Kansas City Chiefs,Albert Wilson,WR2,2
Kansas City Chiefs,Tyreek Hill,WR2,3
Kansas City Chiefs,Albert Wilson,WR3,1
Kansas City Chiefs,Travis Kelce,TE,1
Kansas City Chiefs,Demetrius Harris,TE,2
Kansas City Chiefs,James O'Shaughnessy,TE,3
Kansas City Chiefs,Ross Travis,TE,4
Kansas City Chiefs,Eric Fisher,LT,1
Kansas City Chiefs,Bryan Witzmann,LT,2
Kansas City Chiefs,Parker Ehinger,LG,1
Kansas City Chiefs,Zach Fulton,LG,2
Kansas City Chiefs,Mitch Morse,C,1
Kansas City Chiefs,Laurent Duvernay-Tardif,RG,1
Kansas City Chiefs,Jordan Devey,RG,2
Kansas City Chiefs,Mitchell Schwartz,RT,1
Kansas City Chiefs,Jah Reid,RT,2
Kansas City Chiefs,Cairo Santos,K,1
Oakland Raiders,Derek Carr,QB,1
Oakland Raiders,Matt McGloin,QB,2
Oakland Raiders,Connor Cook,QB,3
Oakland Raiders,Latavius Murray,RB,1
Oakland Raiders,DeAndre Washington,RB,2
Oakland Raiders,Jalen Richard,RB,3
Oakland Raiders,Taiwan Jones,RB,4
Oakland Raiders,Latavius Murray,GLB,1
Oakland Raiders,Jamize Olawale,GLB,2
Oakland Raiders,Latavius Murray,3RB,1
Oakland Raiders,DeAndre Washington,3RB,2
Oakland Raiders,Jamize Olawale,FB,2
Oakland Raiders,Amari Cooper,WR1,1
Oakland Raiders,Andre Holmes,WR1,2
Oakland Raiders,Johnny Holton,WR1,3
Oakland Raiders,Michael Crabtree,WR2,1
Oakland Raiders,Seth Roberts,WR2,2
Oakland Raiders,Seth Roberts,WR3,1
Oakland Raiders,Clive Walford,TE,1
Oakland Raiders,Mychal Rivera,TE,2
Oakland Raiders,Ryan O'Malley,TE,3
Oakland Raiders,Donald Penn,LT,1
Oakland Raiders,Matt McCants,LT,2
Oakland Raiders,Kelechi Osemele,LG,1
Oakland Raiders,Vadal Alexander,LG,2
Oakland Raiders,Rodney Hudson,C,1
Oakland Raiders,Gabe Jackson,RG,1
Oakland Raiders,Jon Feliciano,RG,2
Oakland Raiders,Denver Kirkland,RG,3
Oakland Raiders,Menelik Watson,RT,1
Oakland Raiders,Austin Howard,RT,2
Oakland Raiders,Sebastian Janikowski,K,1
San Diego Chargers,Philip Rivers,QB,1
San Diego Chargers,Kellen Clemens,QB,2
San Diego Chargers,Melvin Gordon,RB,1
San Diego Chargers,Dexter McCluster,RB,2
San Diego Chargers,Kenneth Farrow,RB,3
San Diego Chargers,Melvin Gordon,GLB,1
San Diego Chargers,Kenneth Farrow,GLB,2
San Diego Chargers,Melvin Gordon,3RB,1
San Diego Chargers,Dexter McCluster,3RB,2
San Diego Chargers,Derek Watt,FB,1
San Diego Chargers,Travis Benjamin,WR1,1
San Diego Chargers,Griff Whalen,WR1,2
San Diego Chargers,Dontrelle Inman,WR2,1
San Diego Chargers,Tyrell Williams,WR2,2
San Diego Chargers,Tyrell Williams,WR3,1
San Diego Chargers,Antonio Gates,TE,1
San Diego Chargers,Hunter Henry,TE,2
San Diego Chargers,Sean McGrath,TE,3
San Diego Chargers,Asante Cleveland,TE,4
San Diego Chargers,King Dunlap,LT,1
San Diego Chargers,Chris Hairston,LT,2
San Diego Chargers,Orlando Franklin,LG,1
San Diego Chargers,Kenny Wiggins,LG,2
San Diego Chargers,Chris Watt,LG,3
San Diego Chargers,Matt Slauson,C,1
San Diego Chargers,Max Tuerk,C,2
San Diego Chargers,D.J. Fluker,RG,1
San Diego Chargers,Spencer Pulley,RG,2
San Diego Chargers,Joe Barksdale,RT,1
San Diego Chargers,Tyreek Burwell,RT,2
San Diego Chargers,Josh Lambo,K,1
Chicago Bears,Jay Cutler,QB,1
Chicago Bears,Brian Hoyer,QB,2
Chicago Bears,Matt Barkley,QB,3
Chicago Bears,Jeremy Langford,RB,1
Chicago Bears,Jordan Howard,RB,2
Chicago Bears,Joique Bell,RB,3
Chicago Bears,Jeremy Langford,GLB,1
Chicago Bears,Jordan Howard,GLB,2
Chicago Bears,Jeremy Langford,3RB,1
Chicago Bears,Ka'Deem Carey,3RB,2
Chicago Bears,Paul Lasike,FB,1
Chicago Bears,Alshon Jeffery,WR1,1
Chicago Bears,Eddie Royal,WR1,2
Chicago Bears,Cameron Meredith,WR1,3
Chicago Bears,Kevin White,WR2,1
Chicago Bears,Josh Bellamy,WR2,2
Chicago Bears,Deonte Thompson,WR2,3
Chicago Bears,Eddie Royal,WR3,1
Chicago Bears,Zach Miller,TE,1
Chicago Bears,Logan Paulsen,TE,2
Chicago Bears,Charles Leno,LT,1
Chicago Bears,Mike Adams,LT,2
Chicago Bears,Josh Sitton,LG,1
Chicago Bears,Ted Larsen,LG,2
Chicago Bears,Cody Whitehair,C,1
Chicago Bears,Eric Kush,C,2
Chicago Bears,Kyle Long,RG,1
Chicago Bears,Nick Becton,RG,2
Chicago Bears,Bobby Massie,RT,1
Chicago Bears,Connor Barth,K,1
Detroit Lions,Matthew Stafford,QB,1
Detroit Lions,Dan Orlovsky,QB,2
Detroit Lions,Justin Forsett,RB,1
Detroit Lions,Theo Riddick,RB,1
Detroit Lions,Dwayne Washington,RB,2
Detroit Lions,Zach Zenner,RB,3
Detroit Lions,Ameer Abdullah,RB,4
Detroit Lions,Dwayne Washington,GLB,1
Detroit Lions,Justin Forsett,GLB,2
Detroit Lions,Ameer Abdullah,GLB,2
Detroit Lions,Theo Riddick,3RB,1
Detroit Lions,Justin Forsett,3RB,2
Detroit Lions,Ameer Abdullah,3RB,2
Detroit Lions,Mike Burton,FB,1
Detroit Lions,Marvin Jones,WR1,1
Detroit Lions,Anquan Boldin,WR1,2
Detroit Lions,Corey Fuller,WR1,3
Detroit Lions,Golden Tate,WR2,1
Detroit Lions,Andre Roberts,WR2,2
Detroit Lions,Anquan Boldin,WR3,1
Detroit Lions,Eric Ebron,TE,1
Detroit Lions,Cole Wick,TE,2
Detroit Lions,Clay Harbor,TE,3
Detroit Lions,Khari Lee,TE,4
Detroit Lions,Taylor Decker,LT,1
Detroit Lions,Cornelius Lucas,LT,2
Detroit Lions,Laken Tomlinson,LG,1
Detroit Lions,Joe Dahl,LG,2
Detroit Lions,Travis Swanson,C,1
Detroit Lions,Graham Glasgow,C,2
Detroit Lions,Larry Warford,RG,1
Detroit Lions,Riley Reiff,RT,1
Detroit Lions,Matt Prater,K,1
Green Bay Packers,Aaron Rodgers,QB,1
Green Bay Packers,Brett Hundley,QB,2
Green Bay Packers,Eddie Lacy,RB,1
Green Bay Packers,James Starks,RB,2
Green Bay Packers,Knile Davis,RB,4
Green Bay Packers,Don Jackson,RB,4
Green Bay Packers,Eddie Lacy,GLB,1
Green Bay Packers,James Starks,GLB,2
Green Bay Packers,James Starks,3RB,1
Green Bay Packers,Eddie Lacy,3RB,2
Green Bay Packers,Aaron Ripkowski,FB,1
Green Bay Packers,Jordy Nelson,WR1,1
Green Bay Packers,Davante Adams,WR1,2
Green Bay Packers,Jeff Janis,WR1,3
Green Bay Packers,Trevor Davis,WR1,4
Green Bay Packers,Randall Cobb,WR2,1
Green Bay Packers,Jared Abbrederis,WR2,2
Green Bay Packers,Ty Montgomery,WR2,3
Green Bay Packers,Davante Adams,WR3,1
Green Bay Packers,Richard Rodgers,TE,1
Green Bay Packers,Jared Cook,TE,2
Green Bay Packers,Justin Perillo,TE,3
Green Bay Packers,David Bakhtiari,LT,1
Green Bay Packers,Jason Spriggs,LT,2
Green Bay Packers,Lane Taylor,LG,1
Green Bay Packers,Don Barclay,LG,2
Green Bay Packers,J.C. Tretter,C,1
Green Bay Packers,Corey Linsley,C,2
Green Bay Packers,T.J. Lang,RG,1
Green Bay Packers,Bryan Bulaga,RT,1
Green Bay Packers,Kyle Murphy,RT,2
Green Bay Packers,Mason Crosby,K,1
Minnesota Vikings,Sam Bradford,QB,1
Minnesota Vikings,Shaun Hill,QB,2
Minnesota Vikings,Jerick McKinnon,RB,1
Minnesota Vikings,Matt Asiata,RB,2
Minnesota Vikings,Ronnie Hillman,RB,3
Minnesota Vikings,Adrian Peterson,RB,4
Minnesota Vikings,Matt Asiata,GLB,1
Minnesota Vikings,Adrian Peterson,GLB,2
Minnesota Vikings,Jerick McKinnon,3RB,1
Minnesota Vikings,Adrian Peterson,3RB,2
Minnesota Vikings,Zach Line,FB,1
Minnesota Vikings,Stefon Diggs,WR1,1
Minnesota Vikings,Adam Thielen,WR1,2
Minnesota Vikings,Jarius Wright,WR1,3
Minnesota Vikings,Charles Johnson,WR2,1
Minnesota Vikings,Laquon Treadwell,WR2,2
Minnesota Vikings,Cordarrelle Patterson,WR2,3
Minnesota Vikings,Adam Thielen,WR3,1
Minnesota Vikings,Kyle Rudolph,TE,1
Minnesota Vikings,MyCole Pruitt,TE,2
Minnesota Vikings,Rhett Ellison,TE,3
Minnesota Vikings,David Morgan,TE,4
Minnesota Vikings,T.J. Clemmings,LT,1
Minnesota Vikings,Jake Long,LT,2
Minnesota Vikings,Alex Boone,LG,1
Minnesota Vikings,Jeremiah Sirles,LG,2
Minnesota Vikings,Joe Berger,C,1
Minnesota Vikings,Nick Easton,C,2
Minnesota Vikings,Brandon Fusco,RG,1
Minnesota Vikings,Zac Kerin,RG,2
Minnesota Vikings,Willie Beavers,RG,3
Minnesota Vikings,Andre Smith,RT,1
Minnesota Vikings,Blair Walsh,K,1
Atlanta Falcons,Matt Ryan,QB,1
Atlanta Falcons,Matt Schaub,QB,2
Atlanta Falcons,Devonta Freeman,RB,1
Atlanta Falcons,Tevin Coleman,RB,2
Atlanta Falcons,Devonta Freeman,GLB,1
Atlanta Falcons,Tevin Coleman,GLB,2
Atlanta Falcons,Devonta Freeman,3RB,1
Atlanta Falcons,Tevin Coleman,3RB,2
Atlanta Falcons,Patrick DiMarco,FB,1
Atlanta Falcons,Julio Jones,WR1,1
Atlanta Falcons,Justin Hardy,WR1,2
Atlanta Falcons,Taylor Gabriel,WR1,3
Atlanta Falcons,Mohamed Sanu,WR2,1
Atlanta Falcons,Aldrick Robinson,WR2,2
Atlanta Falcons,Eric Weems,WR2,3
Atlanta Falcons,Justin Hardy,WR3,1
Atlanta Falcons,Jacob Tamme,TE,1
Atlanta Falcons,Levine Toilolo,TE,2
Atlanta Falcons,Austin Hooper,TE,3
Atlanta Falcons,Joshua Perkins,TE,4
Atlanta Falcons,Jake Matthews,LT,1
Atlanta Falcons,Tom Compton,LT,2
Atlanta Falcons,Andy Levitre,LG,1
Atlanta Falcons,Wes Schweitzer,LG,2
Atlanta Falcons,Alex Mack,C,1
Atlanta Falcons,Mike Person,C,2
Atlanta Falcons,Chris Chester,RG,1
Atlanta Falcons,Ben Garland,RG,2
Atlanta Falcons,Ryan Schraeder,RT,1
Atlanta Falcons,Matt Bryant,K,1
Carolina Panthers,Cam Newton,QB,1
Carolina Panthers,Derek Anderson,QB,2
Carolina Panthers,Joe Webb,QB,3
Carolina Panthers,Jonathan Stewart,RB,1
Carolina Panthers,Cameron Artis-Payne,RB,2
Carolina Panthers,Fozzy Whittaker,RB,3
Carolina Panthers,Jonathan Stewart,GLB,1
Carolina Panthers,Mike Tolbert,GLB,2
Carolina Panthers,Jonathan Stewart,3RB,1
Carolina Panthers,Fozzy Whittaker,3RB,2
Carolina Panthers,Mike Tolbert,FB,1
Carolina Panthers,Kelvin Benjamin,WR1,1
Carolina Panthers,Corey Brown,WR1,2
Carolina Panthers,Brenton Bersin,WR1,3
Carolina Panthers,Ted Ginn,WR2,1
Carolina Panthers,Devin Funchess,WR2,2
Carolina Panthers,Damiere Byrd,WR2,3
Carolina Panthers,Devin Funchess,WR3,1
Carolina Panthers,Greg Olsen,TE,1
Carolina Panthers,Ed Dickson,TE,2
Carolina Panthers,Scott Simonson,TE,3
Carolina Panthers,Chris Manhertz,TE,3
Carolina Panthers,Michael Oher,LT,1
Carolina Panthers,Daryl Williams,LT,2
Carolina Panthers,Andrew Norwell,LG,1
Carolina Panthers,Chris Scott,LG,2
Carolina Panthers,Ryan Kalil,C,1
Carolina Panthers,Gino Gradkowski,C,2
Carolina Panthers,Trai Turner,RG,1
Carolina Panthers,Mike Remmers,RT,1
Carolina Panthers,Donald Hawkins,RT,2
Carolina Panthers,Graham Gano,K,1
New Orleans Saints,Drew Brees,QB,1
New Orleans Saints,Luke McCown,QB,2
New Orleans Saints,Joe Callahan,QB,3
New Orleans Saints,Mark Ingram,RB,1
New Orleans Saints,Tim Hightower,RB,2
New Orleans Saints,Travaris Cadet,RB,3
New Orleans Saints,Daniel Lasco,RB,4
New Orleans Saints,Marcus Murphy,RB,5
New Orleans Saints,Mark Ingram,GLB,1
New Orleans Saints,Tim Hightower,GLB,2
New Orleans Saints,Mark Ingram,3RB,1
New Orleans Saints,Tim Hightower,3RB,2
New Orleans Saints,John Kuhn,FB,1
New Orleans Saints,Brandin Cooks,WR1,1
New Orleans Saints,Brandon Coleman,WR1,2
New Orleans Saints,Tommylee Lewis,WR1,3
New Orleans Saints,Willie Snead,WR2,1
New Orleans Saints,Michael Thomas,WR2,2
New Orleans Saints,Michael Thomas,WR3,1
New Orleans Saints,Coby Fleener,TE,1
New Orleans Saints,Josh Hill,TE,2
New Orleans Saints,Terron Armstead,LT,1
New Orleans Saints,Tony Hills,LT,2
New Orleans Saints,Andrus Peat,LG,1
New Orleans Saints,Tim Lelito,LG,2
New Orleans Saints,Max Unger,C,1
New Orleans Saints,Landon Turner,C,2
New Orleans Saints,Jahri Evans,RG,1
New Orleans Saints,Senio Kelemete,RG,2
New Orleans Saints,Zach Strief,RT,1
New Orleans Saints,Wil Lutz,K,1
Tampa Bay Buccaneers,Jameis Winston,QB,1
Tampa Bay Buccaneers,Mike Glennon,QB,2
Tampa Bay Buccaneers,Ryan Griffin,QB,3
Tampa Bay Buccaneers,Doug Martin,RB,1
Tampa Bay Buccaneers,Jacquizz Rodgers,RB,2
Tampa Bay Buccaneers,Peyton Barber,RB,3
Tampa Bay Buccaneers,Russell Hansbrough,RB,4
Tampa Bay Buccaneers,Antone Smith,RB,5
Tampa Bay Buccaneers,Doug Martin,GLB,1
Tampa Bay Buccaneers,Charles Sims,GLB,2
Tampa Bay Buccaneers,Jacquizz Rodgers,3RB,1
Tampa Bay Buccaneers,Charles Sims,3RB,2
Tampa Bay Buccaneers,Alan Cross,FB,1
Tampa Bay Buccaneers,Mike Evans,WR1,1
Tampa Bay Buccaneers,Russell Shepard,WR1,2
Tampa Bay Buccaneers,Louis Murphy,WR1,3
Tampa Bay Buccaneers,Adam Humphries,WR2,1
Tampa Bay Buccaneers,Cecil Shorts,WR2,2
Tampa Bay Buccaneers,Cecil Shorts,WR3,1
Tampa Bay Buccaneers,Cameron Brate,TE,1
Tampa Bay Buccaneers,Luke Stocker,TE,2
Tampa Bay Buccaneers,Brandon Myers,TE,3
Tampa Bay Buccaneers,Donovan Smith,LT,1
Tampa Bay Buccaneers,Leonard Wester,LT,2
Tampa Bay Buccaneers,Kevin Pamphile,LG,1
Tampa Bay Buccaneers,J.R. Sweezy,LG,2
Tampa Bay Buccaneers,Joe Hawley,C,1
Tampa Bay Buccaneers,Evan Dietrich-Smith,C,2
Tampa Bay Buccaneers,Ali Marpet,RG,1
Tampa Bay Buccaneers,Caleb Benenoch,RG,2
Tampa Bay Buccaneers,Demar Dotson,RT,1
Tampa Bay Buccaneers,Gosder Cherilus,RT,2
Tampa Bay Buccaneers,Roberto Aguayo,K,1
Dallas Cowboys,Dak Prescott,QB,1
Dallas Cowboys,Mark Sanchez,QB,2
Dallas Cowboys,Tony Romo,QB,3
Dallas Cowboys,Ezekiel Elliott,RB,1
Dallas Cowboys,Alfred Morris,RB,2
Dallas Cowboys,Lance Dunbar,RB,3
Dallas Cowboys,Darius Jackson,RB,4
Dallas Cowboys,Darren McFadden,RB,5
Dallas Cowboys,Ezekiel Elliott,GLB,1
Dallas Cowboys,Alfred Morris,GLB,2
Dallas Cowboys,Ezekiel Elliott,3RB,1
Dallas Cowboys,Lance Dunbar,3RB,2
Dallas Cowboys,Keith Smith,FB,1
Dallas Cowboys,Rod Smith,FB,2
Dallas Cowboys,Dez Bryant,WR1,1
Dallas Cowboys,Cole Beasley,WR1,2
Dallas Cowboys,Lucky Whitehead,WR1,3
Dallas Cowboys,Terrance Williams,WR2,1
Dallas Cowboys,Brice Butler,WR2,2
Dallas Cowboys,Cole Beasley,WR3,1
Dallas Cowboys,Jason Witten,TE,1
Dallas Cowboys,Geoff Swaim,TE,2
Dallas Cowboys,James Hanna,TE,3
Dallas Cowboys,Tyron Smith,LT,1
Dallas Cowboys,Ronald Leary,LG,1
Dallas Cowboys,Travis Frederick,C,1
Dallas Cowboys,Joe Looney,C,2
Dallas Cowboys,Zack Martin,RG,1
Dallas Cowboys,Doug Free,RT,1
Dallas Cowboys,Chaz Green,RT,2
Dallas Cowboys,Dan Bailey,K,1
New York Giants,Eli Manning,QB,1
New York Giants,Ryan Nassib,QB,2
New York Giants,Josh Johnson,QB,3
New York Giants,Rashad Jennings,RB,1
New York Giants,Orleans Darkwa,RB,2
New York Giants,Bobby Rainey,RB,3
New York Giants,Paul Perkins,RB,4
New York Giants,Shane Vereen,RB,5
New York Giants,Rashad Jennings,GLB,1
New York Giants,Orleans Darkwa,GLB,2
New York Giants,Bobby Rainey,3RB,1
New York Giants,Shane Vereen,3RB,2
New York Giants,Odell Beckham,WR1,1
New York Giants,Dwayne Harris,WR1,2
New York Giants,Tavarres King,WR1,3
New York Giants,Sterling Shepard,WR2,1
New York Giants,Victor Cruz,WR2,2
New York Giants,Victor Cruz,WR3,1
New York Giants,Larry Donnell,TE,1
New York Giants,Will Tye,TE,2
New York Giants,Jerell Adams,TE,3
New York Giants,Ereck Flowers,LT,1
New York Giants,Will Beatty,LT,2
New York Giants,Justin Pugh,LG,1
New York Giants,Bobby Hart,LG,2
New York Giants,Weston Richburg,C,1
New York Giants,Brett Jones,C,2
New York Giants,John Jerry,RG,1
New York Giants,Marshall Newhouse,RT,1
New York Giants,Josh Brown,K,1
New York Giants,Robbie Gould,K,1
Philadelphia Eagles,Carson Wentz,QB,1
Philadelphia Eagles,Chase Daniel,QB,2
Philadelphia Eagles,Ryan Mathews,RB,1
Philadelphia Eagles,Darren Sproles,RB,2
Philadelphia Eagles,Wendell Smallwood,RB,3
Philadelphia Eagles,Kenjon Barner,RB,4
Philadelphia Eagles,Ryan Mathews,GLB,1
Philadelphia Eagles,Darren Sproles,GLB,2
Philadelphia Eagles,Darren Sproles,3RB,1
Philadelphia Eagles,Ryan Mathews,3RB,2
Philadelphia Eagles,Jordan Matthews,WR1,1
Philadelphia Eagles,Dorial Green-Beckham,WR1,2
Philadelphia Eagles,Nelson Agholor,WR2,1
Philadelphia Eagles,Josh Huff,WR2,2
Philadelphia Eagles,Bryce Treggs,WR2,3
Philadelphia Eagles,Dorial Green-Beckham,WR3,1
Philadelphia Eagles,Zach Ertz,TE,1
Philadelphia Eagles,Brent Celek,TE,2
Philadelphia Eagles,Trey Burton,TE,3
Philadelphia Eagles,Jason Peters,LT,1
Philadelphia Eagles,Matt Tobin,LT,2
Philadelphia Eagles,Allen Barbre,LG,1
Philadelphia Eagles,Isaac Seumalo,LG,2
Philadelphia Eagles,Josh Andrews,LG,3
Philadelphia Eagles,Jason Kelce,C,1
Philadelphia Eagles,Stefen Wisniewski,C,2
Philadelphia Eagles,Brandon Brooks,RG,1
Philadelphia Eagles,Dillon Gordon,RG,2
Philadelphia Eagles,Lane Johnson,RT,1
Philadelphia Eagles,Halapoulivaati Vaitai,RT,2
Philadelphia Eagles,Caleb Sturgis,K,1
Washington Redskins,Kirk Cousins,QB,1
Washington Redskins,Colt McCoy,QB,2
Washington Redskins,Nate Sudfeld,QB,3
Washington Redskins,Matt Jones,RB,1
Washington Redskins,Chris Thompson,RB,2
Washington Redskins,Rob Kelley,RB,3
Washington Redskins,Matt Jones,GLB,1
Washington Redskins,Chris Thompson,GLB,2
Washington Redskins,Chris Thompson,3RB,1
Washington Redskins,Matt Jones,3RB,2
Washington Redskins,DeSean Jackson,WR1,1
Washington Redskins,Jamison Crowder,WR1,2
Washington Redskins,Rashad Ross,WR1,3
Washington Redskins,Pierre Garcon,WR2,1
Washington Redskins,Ryan Grant,WR2,2
Washington Redskins,Josh Doctson,WR2,3
Washington Redskins,Jamison Crowder,WR3,1
Washington Redskins,Jordan Reed,TE,1
Washington Redskins,Vernon Davis,TE,2
Washington Redskins,Niles Paul,TE,3
Washington Redskins,Derek Carrier,TE,4
Washington Redskins,Trent Williams,LT,1
Washington Redskins,Vinston Painter,LT,2
Washington Redskins,Shawn Lauvao,LG,1
Washington Redskins,Spencer Long,C,1
Washington Redskins,John Sullivan,C,2
Washington Redskins,Brandon Scherff,RG,1
Washington Redskins,Arie Kouandjio,RG,2
Washington Redskins,Morgan Moses,RT,1
Washington Redskins,Ty Nsekhe,RT,2
Washington Redskins,Dustin Hopkins,K,1
Arizona Cardinals,Carson Palmer,QB,1
Arizona Cardinals,Drew Stanton,QB,2
Arizona Cardinals,David Johnson,RB,1
Arizona Cardinals,Andre Ellington,RB,2
Arizona Cardinals,Stepfan Taylor,RB,3
Arizona Cardinals,Chris Johnson,RB,4
Arizona Cardinals,David Johnson,GLB,1
Arizona Cardinals,Chris Johnson,GLB,2
Arizona Cardinals,David Johnson,3RB,1
Arizona Cardinals,Andre Ellington,3RB,2
Arizona Cardinals,Larry Fitzgerald,WR1,1
Arizona Cardinals,Jaron Brown,WR1,2
Arizona Cardinals,J.J. Nelson,WR1,3
Arizona Cardinals,Michael Floyd,WR2,1
Arizona Cardinals,John Brown,WR2,2
Arizona Cardinals,John Brown,WR3,1
Arizona Cardinals,Darren Fells,TE,1
Arizona Cardinals,Jermaine Gresham,TE,2
Arizona Cardinals,Troy Niklas,TE,3
Arizona Cardinals,Jared Veldheer,LT,1
Arizona Cardinals,Mike Iupati,LG,1
Arizona Cardinals,Earl Watford,LG,2
Arizona Cardinals,A.Q. Shipley,C,1
Arizona Cardinals,Evan Boehm,C,2
Arizona Cardinals,Cole Toner,RG,1
Arizona Cardinals,D.J. Humphries,RT,1
Arizona Cardinals,John Wetzel,RT,2
Arizona Cardinals,Chandler Catanzaro,K,1
Los Angeles Rams,Case Keenum,QB,1
Los Angeles Rams,Jared Goff,QB,2
Los Angeles Rams,Sean Mannion,QB,3
Los Angeles Rams,Todd Gurley,RB,1
Los Angeles Rams,Benny Cunningham,RB,2
Los Angeles Rams,Malcolm Brown,RB,3
Los Angeles Rams,Chase Reynolds,RB,4
Los Angeles Rams,Todd Gurley,GLB,1
Los Angeles Rams,Benny Cunningham,GLB,2
Los Angeles Rams,Benny Cunningham,3RB,1
Los Angeles Rams,Todd Gurley,3RB,2
Los Angeles Rams,Cory Harkey,FB,1
Los Angeles Rams,Tavon Austin,WR1,1
Los Angeles Rams,Brian Quick,WR1,2
Los Angeles Rams,Nelson Spruce,WR1,3
Los Angeles Rams,Mike Thomas,WR1,4
Los Angeles Rams,Kenny Britt,WR2,1
Los Angeles Rams,Pharoh Cooper,WR2,2
Los Angeles Rams,Bradley Marquez,WR2,3
Los Angeles Rams,Brian Quick,WR3,1
Los Angeles Rams,Lance Kendricks,TE,1
Los Angeles Rams,Tyler Higbee,TE,2
Los Angeles Rams,Temarrick Hemingway,TE,3
Los Angeles Rams,Greg Robinson,LT,1
Los Angeles Rams,Pace Murphy,LT,2
Los Angeles Rams,Rodger Saffold,LG,1
Los Angeles Rams,Tim Barnes,C,1
Los Angeles Rams,Demetrius Rhaney,C,2
Los Angeles Rams,Cody Wichmann,RG,1
Los Angeles Rams,Andrew Donnal,RG,2
Los Angeles Rams,Rob Havenstein,RT,1
Los Angeles Rams,Greg Zuerlein,K,1
Seattle Seahawks,Russell Wilson,QB,1
Seattle Seahawks,Trevone Boykin,QB,2
Seattle Seahawks,Christine Michael,RB,1
Seattle Seahawks,Thomas Rawls,RB,2
Seattle Seahawks,C.J. Spiller,RB,3
Seattle Seahawks,Alex Collins,RB,4
Seattle Seahawks,Christine Michael,GLB,1
Seattle Seahawks,Thomas Rawls,GLB,2
Seattle Seahawks,C.J. Prosise,3RB,1
Seattle Seahawks,Thomas Rawls,3RB,2
Seattle Seahawks,Doug Baldwin,WR1,1
Seattle Seahawks,Paul Richardson,WR1,2
Seattle Seahawks,Tanner McEvoy,WR1,3
Seattle Seahawks,Jermaine Kearse,WR2,1
Seattle Seahawks,Tyler Lockett,WR2,2
Seattle Seahawks,Tyler Lockett,WR3,1
Seattle Seahawks,Jimmy Graham,TE,1
Seattle Seahawks,Luke Willson,TE,2
Seattle Seahawks,Nick Vannett,TE,3
Seattle Seahawks,Brandon Williams,TE,4
Seattle Seahawks,Bradley Sowell,LT,1
Seattle Seahawks,George Fant,LT,2
Seattle Seahawks,Mark Glowinski,LG,1
Seattle Seahawks,Rees Odhiambo,LG,2
Seattle Seahawks,Justin Britt,C,1
Seattle Seahawks,Joey Hunt,C,2
Seattle Seahawks,Germain Ifedi,RG,1
Seattle Seahawks,Garry Gilliam,RT,1
Seattle Seahawks,J'Marcus Webb,RT,2
Seattle Seahawks,Steven Hauschka,K,1
San Francisco 49ers,Colin Kaepernick,QB,1
San Francisco 49ers,Blaine Gabbert,QB,2
San Francisco 49ers,Christian Ponder,QB,3
San Francisco 49ers,Carlos Hyde,RB,1
San Francisco 49ers,Shaun Draughn,RB,2
San Francisco 49ers,Mike Davis,RB,3
San Francisco 49ers,Carlos Hyde,GLB,1
San Francisco 49ers,Shaun Draughn,GLB,2
San Francisco 49ers,Carlos Hyde,3RB,1
San Francisco 49ers,Shaun Draughn,3RB,2
San Francisco 49ers,Torrey Smith,WR1,1
San Francisco 49ers,Aaron Burbridge,WR1,2
San Francisco 49ers,Keshawn Martin,WR1,3
San Francisco 49ers,Quinton Patton,WR2,1
San Francisco 49ers,Jeremy Kerley,WR2,2
San Francisco 49ers,Rod Streater,WR2,3
San Francisco 49ers,Jeremy Kerley,WR3,1
San Francisco 49ers,Vance McDonald,TE,1
San Francisco 49ers,Garrett Celek,TE,2
San Francisco 49ers,Blake Bell,TE,3
San Francisco 49ers,Je'Ron Hamm,TE,4
San Francisco 49ers,Joe Staley,LT,1
San Francisco 49ers,Zane Beadles,LG,1
San Francisco 49ers,Josh Garnett,LG,2
San Francisco 49ers,Daniel Kilgore,C,1
San Francisco 49ers,Andrew Tiller,RG,1
San Francisco 49ers,Marcus Martin,RG,2
San Francisco 49ers,Trent Brown,RT,1
San Francisco 49ers,John Theus,RT,2
San Francisco 49ers,Phil Dawson,K,1
